1,How many courses should I take?,How many courses should I take?
0,How many courses should I take?,What is a credit?
0,How many courses should I take?,How many credits or courses should I take?
0,How many courses should I take?,How much time will I spend doing homework for class?
0,How many courses should I take?,How do I find classes based on General Education Requirements?
0,How many courses should I take?,What is the grading system at the UW?
0,How many courses should I take?,Is there a set standard for assigning grades?
0,How many courses should I take?,How important are grades?
0,How many courses should I take?,What is GPA?
0,How many courses should I take?,How often are grades given?
0,How many courses should I take?,How will I find out what my grades are?
0,How many courses should I take?,Will I be dropped from the UW if my grades are too low?
0,How many courses should I take?,What happens if I can't finish the quarter for whatever reason?
0,How many courses should I take?,When will I register for classes?
0,How many courses should I take?,"The class I want is full, is there a way to see when it will become available again?"
0,How many courses should I take?,"The class I want is full, who could I talk to?"
0,How many courses should I take?,Am I eligible to apply to more than one graduate program at the same time?
0,How many courses should I take?,"When applying, how do I know what my department requires?"
0,How many courses should I take?,How do I contact my department after I have submitted my application?
0,How many courses should I take?,How may I obtain a receipt of my graduate application?
0,How many courses should I take?,What if I submitted an incorrect Statement of Purpose?
0,What is a credit?,How many courses should I take?
1,What is a credit?,What is a credit?
0,What is a credit?,How many credits or courses should I take?
0,What is a credit?,How much time will I spend doing homework for class?
0,What is a credit?,How do I find classes based on General Education Requirements?
0,What is a credit?,What is the grading system at the UW?
0,What is a credit?,Is there a set standard for assigning grades?
0,What is a credit?,How important are grades?
0,What is a credit?,What is GPA?
0,What is a credit?,How often are grades given?
0,What is a credit?,How will I find out what my grades are?
0,What is a credit?,Will I be dropped from the UW if my grades are too low?
0,What is a credit?,What happens if I can't finish the quarter for whatever reason?
0,What is a credit?,When will I register for classes?
0,What is a credit?,"The class I want is full, is there a way to see when it will become available again?"
0,What is a credit?,"The class I want is full, who could I talk to?"
0,What is a credit?,Am I eligible to apply to more than one graduate program at the same time?
0,What is a credit?,"When applying, how do I know what my department requires?"
0,What is a credit?,How do I contact my department after I have submitted my application?
0,What is a credit?,How may I obtain a receipt of my graduate application?
0,What is a credit?,What if I submitted an incorrect Statement of Purpose?
0,How many credits or courses should I take?,How many courses should I take?
0,How many credits or courses should I take?,What is a credit?
1,How many credits or courses should I take?,How many credits or courses should I take?
0,How many credits or courses should I take?,How much time will I spend doing homework for class?
0,How many credits or courses should I take?,How do I find classes based on General Education Requirements?
0,How many credits or courses should I take?,What is the grading system at the UW?
0,How many credits or courses should I take?,Is there a set standard for assigning grades?
0,How many credits or courses should I take?,How important are grades?
0,How many credits or courses should I take?,What is GPA?
0,How many credits or courses should I take?,How often are grades given?
0,How many credits or courses should I take?,How will I find out what my grades are?
0,How many credits or courses should I take?,Will I be dropped from the UW if my grades are too low?
0,How many credits or courses should I take?,What happens if I can't finish the quarter for whatever reason?
0,How many credits or courses should I take?,When will I register for classes?
0,How many credits or courses should I take?,"The class I want is full, is there a way to see when it will become available again?"
0,How many credits or courses should I take?,"The class I want is full, who could I talk to?"
0,How many credits or courses should I take?,Am I eligible to apply to more than one graduate program at the same time?
0,How many credits or courses should I take?,"When applying, how do I know what my department requires?"
0,How many credits or courses should I take?,How do I contact my department after I have submitted my application?
0,How many credits or courses should I take?,How may I obtain a receipt of my graduate application?
0,How many credits or courses should I take?,What if I submitted an incorrect Statement of Purpose?
0,How much time will I spend doing homework for class?,How many courses should I take?
0,How much time will I spend doing homework for class?,What is a credit?
0,How much time will I spend doing homework for class?,How many credits or courses should I take?
1,How much time will I spend doing homework for class?,How much time will I spend doing homework for class?
0,How much time will I spend doing homework for class?,How do I find classes based on General Education Requirements?
0,How much time will I spend doing homework for class?,What is the grading system at the UW?
0,How much time will I spend doing homework for class?,Is there a set standard for assigning grades?
0,How much time will I spend doing homework for class?,How important are grades?
0,How much time will I spend doing homework for class?,What is GPA?
0,How much time will I spend doing homework for class?,How often are grades given?
0,How much time will I spend doing homework for class?,How will I find out what my grades are?
0,How much time will I spend doing homework for class?,Will I be dropped from the UW if my grades are too low?
0,How much time will I spend doing homework for class?,What happens if I can't finish the quarter for whatever reason?
0,How much time will I spend doing homework for class?,When will I register for classes?
0,How much time will I spend doing homework for class?,"The class I want is full, is there a way to see when it will become available again?"
0,How much time will I spend doing homework for class?,"The class I want is full, who could I talk to?"
0,How much time will I spend doing homework for class?,Am I eligible to apply to more than one graduate program at the same time?
0,How much time will I spend doing homework for class?,"When applying, how do I know what my department requires?"
0,How much time will I spend doing homework for class?,How do I contact my department after I have submitted my application?
0,How much time will I spend doing homework for class?,How may I obtain a receipt of my graduate application?
0,How much time will I spend doing homework for class?,What if I submitted an incorrect Statement of Purpose?